City ID,City,Lat,Lng,Max Temp,Humidity,Cloudiness,Wind Speed,Country,Date,Current Description
0,Ulaanbaatar,47.9077,106.8832,34.25,96,100,9.75,MN,2021-10-08 17:00:23,light rain
1,Mirabela,-16.2628,-44.1644,94.24,22,28,6.67,BR,2021-10-08 17:03:25,scattered clouds
2,Port Elizabeth,-33.918,25.5701,62.1,81,0,14.99,ZA,2021-10-08 17:00:16,clear sky
3,Ardakan,32.31,54.0175,73.78,33,0,9.17,IR,2021-10-08 17:03:26,clear sky
4,Ahipara,-35.1667,173.1667,57.54,95,100,8.14,NZ,2021-10-08 17:03:26,overcast clouds
5,Mataura,-46.1927,168.8643,49.48,100,100,2.91,NZ,2021-10-08 17:01:17,light rain
6,Nadym,65.5333,72.5167,42.24,84,100,16.71,RU,2021-10-08 17:03:26,light rain
7,Busselton,-33.65,115.3333,50.04,84,39,9.51,AU,2021-10-08 17:03:27,scattered clouds
8,Vaini,-21.2,-175.2,75.45,81,1,8.1,TO,2021-10-08 17:01:26,clear sky
9,Khatanga,71.9667,102.5,23.47,98,100,1.59,RU,2021-10-08 17:03:27,light snow
10,Saint Anthony,45.0205,-93.218,70.14,84,90,1.01,US,2021-10-08 17:03:27,overcast clouds
11,Rikitea,-23.1203,-134.9692,73.76,75,76,7.63,PF,2021-10-08 17:03:28,broken clouds
12,Mar Del Plata,-38.0023,-57.5575,60.82,66,0,5.01,AR,2021-10-08 16:59:01,clear sky
13,Albany,42.6001,-73.9662,73.81,77,57,1.01,US,2021-10-08 17:03:28,broken clouds
14,Touros,-5.1989,-35.4608,86.9,64,100,14.61,BR,2021-10-08 17:03:29,overcast clouds
15,Kruisfontein,-34.0033,24.7314,59.88,85,23,11.63,ZA,2021-10-08 17:01:20,few clouds
16,Talaya,61.3833,152.75,5.74,93,79,3.29,RU,2021-10-08 17:03:29,broken clouds
17,Skibbereen,51.55,-9.2667,60.6,95,100,11.56,IE,2021-10-08 17:03:30,overcast clouds
18,El Espinal,16.3333,-94.0667,81.16,64,96,10.67,MX,2021-10-08 17:03:30,overcast clouds
19,Kudahuvadhoo,2.6708,72.8944,83.93,73,84,14.79,MV,2021-10-08 17:03:30,broken clouds
20,Cape Town,-33.9258,18.4232,59.11,93,75,11.5,ZA,2021-10-08 17:03:30,broken clouds
21,Ashqelon,31.6693,34.5715,78.82,62,0,12.77,IL,2021-10-08 17:03:31,clear sky
22,Pangnirtung,66.1451,-65.7125,36.61,65,3,2.66,CA,2021-10-08 17:03:31,clear sky
23,Buta,2.7858,24.73,71.73,93,100,2.15,CD,2021-10-08 17:03:31,light rain
24,Katherine,-14.4667,132.2667,88.12,51,31,12.66,AU,2021-10-08 17:03:32,scattered clouds
25,Isangel,-19.55,169.2667,70.5,78,31,8.97,VU,2021-10-08 16:59:31,scattered clouds
26,Kapaa,22.0752,-159.319,75.18,75,47,1.99,US,2021-10-08 16:59:05,scattered clouds
27,Avarua,-21.2078,-159.775,64.45,100,79,2.3,CK,2021-10-08 17:02:54,broken clouds
28,Torbay,47.6666,-52.7314,45.39,86,90,18.41,CA,2021-10-08 16:58:58,light rain
29,Kodiak,57.79,-152.4072,44.04,77,81,14.41,US,2021-10-08 16:59:21,broken clouds
30,Iqaluit,63.7506,-68.5145,29.93,100,90,4.0,CA,2021-10-08 16:58:49,fog
31,Ushuaia,-54.8,-68.3,46.02,75,40,19.57,AR,2021-10-08 17:03:33,light rain
32,Lorengau,-2.0226,147.2712,80.94,73,46,5.99,PG,2021-10-08 17:03:33,scattered clouds
33,Georgiyevka,43.0369,74.7114,39.24,81,0,2.24,KZ,2021-10-08 17:03:34,clear sky
34,Nome,64.5011,-165.4064,37.47,87,90,21.85,US,2021-10-08 17:03:34,moderate rain
35,Hermanus,-34.4187,19.2345,63.81,78,87,14.18,ZA,2021-10-08 16:59:02,overcast clouds
36,Souillac,-20.5167,57.5167,69.37,77,20,10.02,MU,2021-10-08 17:03:34,light rain
37,Glyadyanskoye,54.9075,65.0883,41.4,53,5,8.61,RU,2021-10-08 17:03:35,clear sky
38,Butaritari,3.0707,172.7902,83.7,67,63,15.86,KI,2021-10-08 17:03:35,broken clouds
39,Suda,59.1525,37.5582,50.11,72,99,6.78,RU,2021-10-08 17:03:35,overcast clouds
40,Ilulissat,69.2167,-51.1,17.06,76,10,2.64,GL,2021-10-08 16:59:37,clear sky
41,Keningau,5.3378,116.1602,75.65,97,90,1.16,MY,2021-10-08 17:03:36,overcast clouds
42,Saint George,37.1041,-113.5841,61.39,83,90,4.0,US,2021-10-08 17:03:35,light rain
43,Barrow,71.2906,-156.7887,30.22,86,90,17.27,US,2021-10-08 17:01:46,light snow
44,Georgetown,5.4112,100.3354,82.35,89,20,0.0,MY,2021-10-08 16:59:23,few clouds
45,Yellowknife,62.456,-114.3525,40.28,74,51,3.89,CA,2021-10-08 17:03:37,broken clouds
46,Sarakhs,36.5449,61.1577,55.24,40,4,8.32,IR,2021-10-08 17:02:12,clear sky
47,Abbeville,50.1,1.8333,61.68,73,97,6.49,FR,2021-10-08 17:03:37,overcast clouds
48,Airai,-8.9266,125.4092,59.97,67,74,2.1,TL,2021-10-08 17:03:38,broken clouds
49,Tecpan,14.7623,-90.9947,66.45,55,100,6.29,GT,2021-10-08 17:03:38,overcast clouds
50,Raudeberg,61.9875,5.1352,58.19,93,100,1.99,NO,2021-10-08 17:03:38,overcast clouds
51,Port Arthur,38.8,121.2667,57.42,81,97,7.81,CN,2021-10-08 17:03:39,light rain
52,Chokurdakh,70.6333,147.9167,4.91,94,65,6.6,RU,2021-10-08 16:59:16,broken clouds
53,Saint-Philippe,-21.3585,55.7679,71.19,80,70,12.86,RE,2021-10-08 17:03:39,light rain
54,Haines Junction,60.7522,-137.5108,33.26,91,100,5.53,CA,2021-10-08 17:03:40,light snow
55,Boa Vista,2.8197,-60.6733,78.78,83,75,11.5,BR,2021-10-08 17:00:54,heavy intensity rain
56,Bambous Virieux,-20.3428,57.7575,69.22,75,6,10.83,MU,2021-10-08 17:03:40,clear sky
57,Eyrarbakki,63.863,-21.1481,51.04,93,100,16.04,IS,2021-10-08 17:03:40,heavy intensity rain
58,Hilo,19.7297,-155.09,70.79,72,97,3.24,US,2021-10-08 16:59:39,light rain
59,Olafsvik,64.8945,-23.7142,45.46,94,100,21.39,IS,2021-10-08 17:03:41,moderate rain
60,Rio Gallegos,-51.6226,-69.2181,64.45,48,40,37.98,AR,2021-10-08 16:59:19,scattered clouds
61,Tasiilaq,65.6145,-37.6368,35.76,50,81,11.01,GL,2021-10-08 17:03:41,broken clouds
62,Atuona,-9.8,-139.0333,77.9,75,28,16.6,PF,2021-10-08 17:03:42,light rain
63,Chuy,-33.6971,-53.4616,58.93,50,16,10.36,UY,2021-10-08 17:03:42,few clouds
64,Severo-Kurilsk,50.6789,156.125,43.86,85,98,5.64,RU,2021-10-08 17:03:42,light rain
65,Mutsu,41.2894,141.2169,54.0,80,98,3.94,JP,2021-10-08 17:03:43,overcast clouds
66,Carutapera,-1.195,-46.02,89.47,54,90,8.84,BR,2021-10-08 17:03:43,overcast clouds
67,Carnarvon,-24.8667,113.6333,64.47,72,40,23.02,AU,2021-10-08 17:03:43,scattered clouds
68,Mosetse,-20.75,26.65,84.88,23,5,6.55,BW,2021-10-08 17:03:44,clear sky
69,Cabo San Lucas,22.8909,-109.9124,92.52,56,2,3.24,MX,2021-10-08 16:59:35,clear sky
70,New Norfolk,-42.7826,147.0587,56.91,54,11,4.0,AU,2021-10-08 17:03:44,few clouds
71,Kokstad,-30.5472,29.4241,56.53,93,67,4.21,ZA,2021-10-08 17:00:22,broken clouds
72,Lasa,46.6166,10.7002,57.11,91,66,1.81,IT,2021-10-08 17:03:44,broken clouds
73,Karratha,-20.7377,116.8463,75.04,45,0,11.48,AU,2021-10-08 17:03:45,light rain
74,Portland,45.5234,-122.6762,52.39,88,40,1.01,US,2021-10-08 17:02:05,scattered clouds
75,Bethel,41.3712,-73.414,75.47,72,75,5.75,US,2021-10-08 17:03:45,broken clouds
76,Mount Hagen,-5.8581,144.2274,60.35,98,85,0.98,PG,2021-10-08 17:03:45,overcast clouds
77,Vallenar,-28.5708,-70.7581,69.98,30,1,10.31,CL,2021-10-08 17:03:46,clear sky
78,Mayo,38.8876,-76.5119,79.16,62,1,1.01,US,2021-10-08 17:03:46,clear sky
79,Koumac,-20.5667,164.2833,68.79,78,2,4.32,NC,2021-10-08 16:59:35,clear sky
80,Alasehir,38.3508,28.5172,68.99,31,39,4.72,TR,2021-10-08 17:03:47,scattered clouds
81,Kavieng,-2.5744,150.7967,81.61,76,96,4.68,PG,2021-10-08 17:03:47,light rain
82,Ban Nahin,18.2418,104.2122,73.69,96,100,2.95,LA,2021-10-08 17:03:48,overcast clouds
83,Turukhansk,65.8167,87.9833,38.73,98,100,13.44,RU,2021-10-08 17:03:48,light rain
84,Punta Arenas,-53.15,-70.9167,50.11,46,36,29.89,CL,2021-10-08 17:01:49,scattered clouds
85,Tiksi,71.6872,128.8694,14.67,84,78,12.12,RU,2021-10-08 17:03:48,broken clouds
86,Gualeguaychu,-33.0094,-58.5172,68.04,54,81,11.27,AR,2021-10-08 17:03:49,broken clouds
87,Praia Da Vitoria,38.7333,-27.0667,69.22,71,34,7.87,PT,2021-10-08 17:03:49,scattered clouds
88,Bluff,-46.6,168.3333,49.8,93,100,6.67,NZ,2021-10-08 16:59:04,overcast clouds
89,Castro,-24.7911,-50.0119,72.12,64,80,2.93,BR,2021-10-08 17:03:49,broken clouds
90,Saldanha,-33.0117,17.9442,60.31,82,88,7.58,ZA,2021-10-08 17:00:25,overcast clouds
91,Norman Wells,65.282,-126.8329,28.44,93,75,3.44,CA,2021-10-08 17:03:50,broken clouds
92,Arraial Do Cabo,-22.9661,-42.0278,73.26,56,75,9.22,BR,2021-10-08 17:03:50,broken clouds
93,Taltal,-25.4,-70.4833,61.39,67,3,8.9,CL,2021-10-08 17:00:57,clear sky
94,Victoria,22.2855,114.1577,82.38,93,100,11.99,HK,2021-10-08 17:03:23,moderate rain
95,Husavik,66.0449,-17.3389,45.88,82,77,5.19,IS,2021-10-08 17:03:51,moderate rain
96,Margate,51.3813,1.3862,61.03,78,19,1.99,GB,2021-10-08 17:03:51,few clouds
97,Massakory,12.996,15.7293,94.96,13,85,6.17,TD,2021-10-08 17:03:51,overcast clouds
98,Ribeira Grande,38.5167,-28.7,73.8,64,40,5.75,PT,2021-10-08 16:59:27,scattered clouds
99,Jamestown,42.097,-79.2353,78.03,63,66,7.0,US,2021-10-08 17:00:52,broken clouds
100,Provideniya,64.3833,-173.3,33.6,91,100,14.52,RU,2021-10-08 16:59:42,overcast clouds
101,Arraias,-12.9288,-46.9437,101.79,15,33,3.71,BR,2021-10-08 17:03:52,scattered clouds
102,Fortuna,40.5982,-124.1573,56.35,70,57,1.01,US,2021-10-08 17:03:52,broken clouds
103,Mnogovershinnyy,53.9353,139.9242,31.89,79,28,8.16,RU,2021-10-08 17:00:40,scattered clouds
104,Bulolo,-7.2,146.65,69.49,97,52,1.45,PG,2021-10-08 17:03:53,broken clouds
105,Port Alfred,-33.5906,26.891,63.99,83,0,10.49,ZA,2021-10-08 17:03:53,clear sky
106,Oktyabrskoye,43.0645,44.7417,42.94,93,90,11.18,RU,2021-10-08 17:03:53,overcast clouds
107,Vostok,46.4856,135.8833,34.03,75,1,4.72,RU,2021-10-08 17:01:17,clear sky
108,Zyryanka,65.75,150.85,15.51,84,20,5.59,RU,2021-10-08 17:03:54,few clouds
109,Qaanaaq,77.484,-69.3632,23.83,71,95,6.55,GL,2021-10-08 16:59:12,overcast clouds
110,Najran,17.4924,44.1277,81.82,37,94,15.01,SA,2021-10-08 17:03:54,overcast clouds
111,Meulaboh,4.1363,96.1285,77.83,86,100,1.88,ID,2021-10-08 17:03:54,overcast clouds
112,Dikson,73.5069,80.5464,28.09,77,100,23.87,RU,2021-10-08 17:03:55,overcast clouds
113,Cayenne,4.9333,-52.3333,89.64,76,0,5.01,GF,2021-10-08 17:00:05,clear sky
114,Nipawin,53.3668,-104.0009,50.04,62,1,9.22,CA,2021-10-08 17:03:55,haze
115,Jinchang,38.4953,102.1739,43.45,39,90,19.8,CN,2021-10-08 17:03:55,overcast clouds
116,Beloha,-25.1667,45.05,65.71,60,11,20.58,MG,2021-10-08 17:03:56,few clouds
117,Grindavik,63.8424,-22.4338,50.47,93,90,25.32,IS,2021-10-08 17:03:56,overcast clouds
118,Tazmalt,36.3868,4.3989,69.24,57,5,9.22,DZ,2021-10-08 17:03:56,clear sky
119,Bardiyah,31.7561,25.0865,74.46,57,0,7.96,LY,2021-10-08 17:03:57,clear sky
120,Berlevag,70.8578,29.0864,35.6,71,100,3.4,NO,2021-10-08 17:03:57,overcast clouds
121,Karasburg,-28.0167,18.75,72.73,9,0,13.6,NA,2021-10-08 17:02:15,clear sky
122,Esperance,-33.8667,121.9,54.5,74,24,13.44,AU,2021-10-08 17:01:24,few clouds
123,Amboise,47.4125,0.9827,66.74,63,0,11.5,FR,2021-10-08 17:03:58,clear sky
124,Westport,41.1415,-73.3579,77.76,76,1,1.99,US,2021-10-08 17:03:58,clear sky
125,Ketchikan,55.3422,-131.6461,48.18,94,100,5.66,US,2021-10-08 17:03:59,light rain
126,Bozeman,45.6796,-111.0386,50.88,84,75,0.0,US,2021-10-08 17:03:00,broken clouds
127,Hargeysa,9.56,44.065,76.24,64,51,9.04,SO,2021-10-08 17:03:59,broken clouds
128,Lagoa,39.05,-27.9833,68.72,62,0,5.64,PT,2021-10-08 17:03:59,clear sky
129,San Cristobal,7.7669,-72.225,80.78,59,84,7.0,VE,2021-10-08 17:04:00,broken clouds
130,Petrokamenskoye,57.716,60.6484,42.24,63,3,12.55,RU,2021-10-08 17:04:00,clear sky
131,East London,-33.0153,27.9116,65.34,88,0,9.22,ZA,2021-10-08 16:59:53,clear sky
132,Namatanai,-3.6667,152.4333,78.69,84,47,4.25,PG,2021-10-08 17:04:00,light rain
133,Kyren,51.6828,102.1408,30.43,95,94,1.59,RU,2021-10-08 17:04:01,light snow
134,College,64.8569,-147.8028,35.91,92,100,3.0,US,2021-10-08 17:02:38,overcast clouds
135,Saint-Paul,-21.0096,55.2707,71.71,74,34,6.51,RE,2021-10-08 17:03:09,scattered clouds
136,Sri Aman,1.2376,111.4621,74.39,95,47,2.75,MY,2021-10-08 17:04:02,scattered clouds
137,Pavlogradka,54.2024,73.5592,43.3,67,5,9.93,RU,2021-10-08 17:04:02,clear sky
138,Maceio,-9.6658,-35.7353,87.24,66,40,14.97,BR,2021-10-08 17:04:02,scattered clouds
139,Tuktoyaktuk,69.4541,-133.0374,26.6,100,90,6.91,CA,2021-10-08 17:03:20,mist
140,Jiwani,25.05,61.7417,83.01,68,0,12.17,PK,2021-10-08 17:04:03,clear sky
141,Puerto Ayora,-0.7393,-90.3518,75.16,91,99,8.01,EC,2021-10-08 16:59:07,overcast clouds
142,Bam,29.106,58.357,79.14,19,0,8.3,IR,2021-10-08 17:04:04,clear sky
143,Hobart,-42.8794,147.3294,57.25,58,40,5.99,AU,2021-10-08 17:00:04,light rain
144,Paamiut,61.994,-49.6678,36.23,54,0,9.17,GL,2021-10-08 17:03:14,clear sky
145,Nyimba,-14.5566,30.8149,85.51,27,55,8.93,ZM,2021-10-08 17:04:04,broken clouds
146,Quatre Cocos,-20.2078,57.7625,69.1,74,14,11.43,MU,2021-10-08 17:01:52,few clouds
147,Elbrus,43.2577,42.6443,31.71,77,84,1.45,RU,2021-10-08 17:04:05,broken clouds
148,Srednekolymsk,67.45,153.6833,7.81,92,34,2.8,RU,2021-10-08 17:04:06,scattered clouds
149,Taoudenni,22.6783,-3.9836,105.04,6,8,5.88,ML,2021-10-08 17:04:06,clear sky
150,Katsuura,35.1333,140.3,75.31,86,3,7.54,JP,2021-10-08 17:00:05,clear sky
151,Yumen,40.2833,97.2,34.14,51,15,18.34,CN,2021-10-08 17:04:06,few clouds
152,Ponta Do Sol,32.6667,-17.1,78.01,74,74,2.04,PT,2021-10-08 17:04:07,broken clouds
153,Heihe,50.2441,127.4902,43.93,65,99,5.57,CN,2021-10-08 17:04:07,light rain
154,Pancas,-19.225,-40.8514,80.8,52,98,7.83,BR,2021-10-08 17:04:07,overcast clouds
155,Sakakah,29.9697,40.2064,85.05,16,0,18.16,SA,2021-10-08 17:04:08,clear sky
156,Tyup,42.7276,78.3648,39.78,41,1,3.06,KG,2021-10-08 17:04:08,clear sky
157,Salalah,17.0151,54.0924,82.49,78,0,2.3,OM,2021-10-08 17:04:08,clear sky
158,Rio Grande,-32.035,-52.0986,69.91,58,51,11.72,BR,2021-10-08 17:04:09,broken clouds
159,Ushibuka,32.1906,130.0228,73.92,80,39,5.1,JP,2021-10-08 17:04:09,scattered clouds
160,Malanje,-9.5402,16.341,78.76,41,97,1.92,AO,2021-10-08 17:04:10,overcast clouds
161,Miranda,3.2499,-76.2281,83.64,55,31,5.21,CO,2021-10-08 17:04:10,scattered clouds
162,Bardsir,29.9227,56.5743,65.93,27,0,3.4,IR,2021-10-08 17:04:11,clear sky
163,Kralendijk,12.15,-68.2667,89.58,62,75,14.97,BQ,2021-10-08 17:04:11,broken clouds
164,Bria,6.5423,21.9863,76.17,82,13,2.28,CF,2021-10-08 17:04:11,few clouds
165,Waipawa,-41.4122,175.5153,54.23,71,95,14.56,NZ,2021-10-08 17:04:12,overcast clouds
166,Coquimbo,-29.9533,-71.3436,59.11,57,37,9.04,CL,2021-10-08 17:01:46,scattered clouds
167,Guerrero Negro,27.9769,-114.0611,75.87,60,55,14.27,MX,2021-10-08 17:04:12,broken clouds
168,Sitka,57.0531,-135.33,46.29,87,90,11.5,US,2021-10-08 17:04:13,mist
169,Tsaratanana,-16.7833,47.65,70.27,65,47,9.93,MG,2021-10-08 17:04:13,scattered clouds
170,Murdochville,48.9583,-65.5006,44.55,49,18,6.15,CA,2021-10-08 17:04:13,few clouds
171,Biloela,-24.4167,150.5,62.46,69,3,2.73,AU,2021-10-08 17:04:13,clear sky
172,Menongue,-14.6585,17.691,76.69,42,67,4.94,AO,2021-10-08 17:04:14,broken clouds
173,Kalmunai,7.4167,81.8167,81.88,73,86,7.31,LK,2021-10-08 17:04:14,overcast clouds
174,Luena,-11.7833,19.9167,78.39,29,9,6.85,AO,2021-10-08 17:04:15,clear sky
175,Nikolskoye,59.7035,30.7861,48.09,67,67,5.44,RU,2021-10-08 17:01:28,broken clouds
176,Conde,-7.2597,-34.9075,83.39,59,100,13.51,BR,2021-10-08 17:00:43,overcast clouds
177,Soligalich,59.0778,42.2864,43.99,73,100,6.33,RU,2021-10-08 17:04:15,overcast clouds
178,Sao Joao Da Barra,-21.6403,-41.0511,73.49,70,100,4.81,BR,2021-10-08 17:04:15,overcast clouds
179,Bredasdorp,-34.5322,20.0403,63.28,69,91,15.66,ZA,2021-10-08 17:02:26,overcast clouds
180,Inhambane,-23.865,35.3833,71.33,64,7,14.03,MZ,2021-10-08 17:02:36,clear sky
181,Biak,-0.9131,122.8766,76.35,80,62,6.11,ID,2021-10-08 17:04:16,broken clouds
182,Hasaki,35.7333,140.8333,68.4,87,12,8.34,JP,2021-10-08 16:59:41,few clouds
183,Hithadhoo,-0.6,73.0833,83.21,70,85,9.51,MV,2021-10-08 17:01:49,overcast clouds
184,Saskylakh,71.9167,114.0833,19.63,96,100,6.93,RU,2021-10-08 17:01:29,overcast clouds
185,Faanui,-16.4833,-151.75,77.76,72,91,5.28,PF,2021-10-08 17:01:16,overcast clouds
186,Imbituba,-28.24,-48.6703,64.29,74,100,11.65,BR,2021-10-08 17:04:17,overcast clouds
187,Sur,22.5667,59.5289,84.76,48,6,4.18,OM,2021-10-08 17:04:17,clear sky
188,Vao,-22.6667,167.4833,69.62,60,69,12.17,NC,2021-10-08 17:04:18,broken clouds
189,Amahai,-3.3333,128.9167,78.37,89,98,3.51,ID,2021-10-08 17:04:18,light rain
190,Solwezi,-12.1688,26.3894,73.96,22,6,4.61,ZM,2021-10-08 17:01:12,clear sky
191,Kaitangata,-46.2817,169.8464,48.25,97,99,5.53,NZ,2021-10-08 17:02:38,overcast clouds
192,Gizo,-8.103,156.8419,82.13,77,100,6.4,SB,2021-10-08 17:04:18,overcast clouds
193,Vorukh,39.8494,70.5838,53.87,55,19,3.98,TJ,2021-10-08 17:04:19,few clouds
194,Tilichiki,60.4667,166.1,24.84,75,25,4.59,RU,2021-10-08 17:04:19,scattered clouds
195,Gushi,34.6425,109.5843,58.24,85,99,6.4,CN,2021-10-08 17:04:19,overcast clouds
196,Iskateley,67.6803,53.1512,37.76,76,74,22.28,RU,2021-10-08 17:04:20,broken clouds
197,Borogontsy,62.6683,131.1683,23.83,92,24,6.67,RU,2021-10-08 17:04:20,few clouds
198,Faya,18.3851,42.4509,67.53,52,98,9.42,SA,2021-10-08 17:02:03,overcast clouds
199,Cockburn Town,21.4612,-71.1419,82.31,76,9,10.56,TC,2021-10-08 17:04:20,clear sky
200,Pevek,69.7008,170.3133,21.15,86,85,3.78,RU,2021-10-08 17:04:21,overcast clouds
201,Bonavista,48.6499,-53.1147,47.12,87,91,14.94,CA,2021-10-08 17:02:58,light rain
202,Den Helder,52.9599,4.7593,59.99,93,1,5.99,NL,2021-10-08 17:04:21,mist
203,Cidreira,-30.1811,-50.2056,65.59,66,47,14.83,BR,2021-10-08 17:01:20,scattered clouds
204,Palimbang,6.2106,124.1894,79.48,82,100,7.25,PH,2021-10-08 17:04:21,light rain
205,Lokosovo,61.1333,74.8167,43.61,69,100,17.63,RU,2021-10-08 17:00:48,overcast clouds
206,Sinnamary,5.3833,-52.95,87.84,62,56,12.44,GF,2021-10-08 16:59:51,broken clouds
207,Zhezkazgan,47.8043,67.7144,43.09,58,0,12.55,KZ,2021-10-08 17:04:22,clear sky
208,Aklavik,68.2191,-135.0107,29.23,83,75,4.0,CA,2021-10-08 16:59:29,broken clouds
209,Praya,14.9215,-23.5087,88.34,58,40,14.97,CV,2021-10-08 17:04:22,scattered clouds
210,Pirapozinho,-22.2753,-51.5,85.75,41,7,6.62,BR,2021-10-08 17:04:23,clear sky
211,Bengkulu,-3.8004,102.2655,76.08,89,67,5.88,ID,2021-10-08 17:04:23,broken clouds
212,Richards Bay,-28.783,32.0377,68.43,89,64,13.87,ZA,2021-10-08 17:02:04,broken clouds
213,Amarillo,35.222,-101.8313,86.09,26,1,8.99,US,2021-10-08 17:03:13,clear sky
214,Walvis Bay,-22.9575,14.5053,58.08,73,5,17.29,NA,2021-10-08 17:02:57,clear sky
215,Nanortalik,60.1432,-45.2371,40.46,52,69,5.23,GL,2021-10-08 17:04:19,broken clouds
216,Shakhtinsk,49.71,72.5872,28.96,74,5,1.36,KZ,2021-10-08 17:04:24,clear sky
217,Neuquen,-38.9516,-68.0591,73.29,38,0,1.14,AR,2021-10-08 17:04:25,clear sky
218,Constantine,36.365,6.6147,63.57,54,8,8.37,DZ,2021-10-08 17:01:39,clear sky
219,Samdari,25.8167,72.5833,89.91,40,3,8.81,IN,2021-10-08 17:04:25,clear sky
220,Yenotayevka,47.2456,47.0281,46.42,36,0,9.13,RU,2021-10-08 17:04:25,clear sky
221,Poum,-20.2333,164.0167,71.92,74,60,12.55,NC,2021-10-08 17:01:51,broken clouds
222,Bodden Town,19.2833,-81.25,89.6,66,40,6.91,KY,2021-10-08 17:04:26,scattered clouds
223,Xudat,41.631,48.681,52.81,67,100,4.59,AZ,2021-10-08 17:04:26,overcast clouds
224,Lebu,-37.6167,-73.65,57.87,67,51,10.47,CL,2021-10-08 17:01:21,broken clouds
225,Longyearbyen,78.2186,15.6401,17.44,79,20,11.5,SJ,2021-10-08 17:00:37,few clouds
226,Vanderhoof,54.0166,-124.0198,38.46,68,71,1.54,CA,2021-10-08 17:04:26,broken clouds
227,Saint-Augustin,51.226,-58.6502,48.02,54,71,12.19,CA,2021-10-08 17:04:27,broken clouds
228,Susanville,40.4163,-120.653,51.82,59,1,1.99,US,2021-10-08 17:04:27,clear sky
229,Pyu,18.4833,96.4333,75.74,96,44,3.09,MM,2021-10-08 17:04:27,scattered clouds
230,Paranaiba,-19.6772,-51.1908,99.99,25,52,0.92,BR,2021-10-08 17:04:28,broken clouds
231,Wanning,18.8003,110.3967,77.77,91,100,7.52,CN,2021-10-08 17:04:28,heavy intensity rain
232,Vite,17.2833,74.55,73.02,90,98,9.6,IN,2021-10-08 17:04:28,overcast clouds
233,Santa Marta,11.2408,-74.199,86.16,69,7,8.37,CO,2021-10-08 17:00:20,clear sky
234,Vardo,70.3705,31.1107,35.58,87,75,6.91,NO,2021-10-08 17:04:29,broken clouds
235,Upernavik,72.7868,-56.1549,26.65,51,100,4.38,GL,2021-10-08 17:04:29,overcast clouds
236,Ulaangom,49.9811,92.0667,33.89,46,11,5.03,MN,2021-10-08 17:04:29,few clouds
237,Adrar,20.5022,-10.0711,101.3,6,100,11.23,MR,2021-10-08 17:04:30,overcast clouds
238,San Patricio,28.017,-97.5169,85.86,45,0,5.17,US,2021-10-08 17:04:30,clear sky
239,Daimiel,39.07,-3.615,80.04,28,0,3.44,ES,2021-10-08 17:04:30,clear sky
240,Tinqueux,49.25,3.9833,62.62,72,0,4.61,FR,2021-10-08 17:04:31,clear sky
241,Ayan,56.45,138.1667,41.07,59,46,14.43,RU,2021-10-08 17:04:31,scattered clouds
242,Groningen,53.25,6.75,59.16,69,0,4.61,NL,2021-10-08 17:01:34,clear sky
243,Angoche,-16.2325,39.9086,74.05,70,0,8.99,MZ,2021-10-08 17:04:32,clear sky
244,Port Blair,11.6667,92.75,78.57,90,100,21.45,IN,2021-10-08 17:04:32,moderate rain
245,Yerbogachen,61.2767,108.0108,34.72,92,100,12.06,RU,2021-10-08 17:04:32,overcast clouds
246,Dubbo,-32.25,148.6167,46.53,81,0,11.5,AU,2021-10-08 17:04:33,clear sky
247,Ndele,8.4109,20.6473,78.93,71,8,3.56,CF,2021-10-08 17:04:33,clear sky
248,Kaohsiung,22.6163,120.3133,83.03,87,97,3.44,TW,2021-10-08 17:00:09,overcast clouds
249,Fairbanks,64.8378,-147.7164,35.92,93,100,4.72,US,2021-10-08 17:00:03,overcast clouds
250,Ginir,7.1333,40.7,63.37,76,76,2.77,ET,2021-10-08 17:02:22,light rain
251,Manokwari,-0.8667,134.0833,79.05,78,100,3.06,ID,2021-10-08 17:04:34,overcast clouds
252,Barra Patuca,15.8,-84.2833,84.07,75,44,6.22,HN,2021-10-08 17:02:11,scattered clouds
253,Nova Venecia,-18.7106,-40.4006,79.25,57,98,9.26,BR,2021-10-08 17:04:34,overcast clouds
254,Saint-Georges,12.0564,-61.7485,83.28,75,100,12.46,GD,2021-10-08 17:04:34,overcast clouds
255,Agadez,19.75,10.25,85.6,13,0,6.35,NE,2021-10-08 17:04:35,clear sky
256,Thyboron,56.6985,8.2124,56.21,81,54,6.04,DK,2021-10-08 17:04:35,broken clouds
257,Baghdad,33.3406,44.4009,82.58,8,0,10.09,IQ,2021-10-08 17:03:53,clear sky
258,Maningrida,-12.0667,134.2667,76.87,83,92,5.59,AU,2021-10-08 17:04:35,overcast clouds
259,Mzimba,-11.9,33.6,68.34,35,2,9.28,MW,2021-10-08 17:04:36,clear sky
260,Labuhan,-6.8844,112.2051,79.47,72,66,8.32,ID,2021-10-08 17:04:36,broken clouds
261,Palmer,42.1584,-72.3287,73.15,60,40,1.01,US,2021-10-08 17:02:01,scattered clouds
262,Vila Franca Do Campo,37.7167,-25.4333,73.81,67,13,3.09,PT,2021-10-08 17:04:36,few clouds
263,El Tejar,14.6478,-90.7928,70.2,63,100,4.43,GT,2021-10-08 17:04:37,overcast clouds
264,Hofn,64.2539,-15.2082,50.02,93,75,4.61,IS,2021-10-08 17:04:37,mist
265,Rocha,-34.4833,-54.3333,58.69,48,0,10.22,UY,2021-10-08 17:04:38,clear sky
266,Mabaruma,8.2,-59.7833,88.81,64,39,3.29,GY,2021-10-08 17:04:38,scattered clouds
267,Merauke,-8.4667,140.3333,77.92,89,89,9.37,ID,2021-10-08 17:04:38,overcast clouds
268,Oistins,13.0667,-59.5333,78.89,89,75,16.11,BB,2021-10-08 17:00:31,broken clouds
269,Asosa,10.0667,34.5333,62.44,95,79,3.15,ET,2021-10-08 17:02:22,light rain
270,Kaeo,-35.1,173.7833,48.33,95,90,6.22,NZ,2021-10-08 17:04:39,overcast clouds
271,Clyde River,70.4692,-68.5914,31.06,76,43,7.18,CA,2021-10-08 17:03:20,scattered clouds
272,Catio,11.2833,-15.25,84.58,76,98,7.31,GW,2021-10-08 17:04:40,moderate rain
273,Baruun-Urt,46.6806,113.2792,51.44,59,100,7.02,MN,2021-10-08 17:04:40,light rain
274,Zavyalovo,54.5053,82.4484,45.25,81,89,16.64,RU,2021-10-08 17:04:40,overcast clouds
275,Doha,25.2867,51.5333,91.38,52,0,10.36,QA,2021-10-08 17:04:41,clear sky
276,Ossora,59.2353,163.0719,30.63,69,55,6.29,RU,2021-10-08 17:04:41,broken clouds
277,Voh,-20.9667,164.7,64.9,87,1,4.09,NC,2021-10-08 17:04:41,clear sky
278,Hirara,24.8,125.2833,81.72,76,63,19.24,JP,2021-10-08 17:04:42,broken clouds
279,Saint-Denis,48.9167,2.3333,64.89,65,0,5.99,FR,2021-10-08 17:04:42,clear sky
280,Beyla,8.6833,-8.6333,76.95,85,91,3.6,GN,2021-10-08 17:04:42,light rain
281,Asau,46.4333,26.4,46.96,44,100,7.58,RO,2021-10-08 17:04:43,light rain
282,Gold Coast,-28.0,153.4333,66.0,93,83,1.01,AU,2021-10-08 17:00:28,broken clouds
283,Akdepe,42.0551,59.3788,41.0,45,0,7.99,TM,2021-10-08 17:04:43,clear sky
284,Constitucion,-35.3333,-72.4167,59.07,58,98,7.27,CL,2021-10-08 17:04:43,overcast clouds
285,Hokitika,-42.7167,170.9667,51.49,89,98,2.04,NZ,2021-10-08 17:04:44,overcast clouds
286,Afua,-0.1567,-50.3867,93.99,44,53,9.46,BR,2021-10-08 17:04:44,broken clouds
287,Karaton,-6.3424,106.1045,82.96,83,42,3.47,ID,2021-10-08 17:01:39,scattered clouds
288,Sibolga,1.7427,98.7792,77.14,86,78,2.71,ID,2021-10-08 17:04:44,broken clouds
289,Dingle,10.9995,122.6711,73.81,92,100,2.68,PH,2021-10-08 17:04:45,overcast clouds
290,Trelleborg,55.3751,13.1569,52.95,88,6,8.86,SE,2021-10-08 17:04:45,clear sky
291,Thompson,55.7435,-97.8558,46.94,48,99,2.68,CA,2021-10-08 17:00:43,overcast clouds
292,Diffa,13.3154,12.6113,92.66,13,30,9.73,NE,2021-10-08 17:04:46,scattered clouds
293,Divnogorsk,55.9594,92.3619,39.69,97,100,10.51,RU,2021-10-08 17:04:46,overcast clouds
294,Beisfjord,68.3751,17.5988,44.26,98,100,4.32,NO,2021-10-08 17:04:46,overcast clouds
295,Chapais,49.7834,-74.8492,67.62,59,12,5.01,CA,2021-10-08 17:02:17,few clouds
296,Itarema,-2.9248,-39.9167,88.32,58,80,16.26,BR,2021-10-08 17:04:47,broken clouds
297,Bacalan,11.5464,122.0849,79.2,78,100,4.32,PH,2021-10-08 17:04:47,overcast clouds
298,Hualmay,-11.0964,-77.6139,65.66,81,84,9.4,PE,2021-10-08 17:04:47,broken clouds
299,Muros,42.7762,-9.0603,79.3,82,12,5.84,ES,2021-10-08 17:00:31,few clouds
300,Tougan,13.0667,-3.0667,99.09,21,100,6.13,BF,2021-10-08 17:04:48,overcast clouds
301,Leningradskiy,69.3833,178.4167,24.1,97,100,2.39,RU,2021-10-08 17:04:48,light snow
302,Safaga,26.7292,33.9365,82.92,54,0,8.99,EG,2021-10-08 17:04:48,clear sky
303,Cherskiy,68.75,161.3,-4.65,100,72,3.47,RU,2021-10-08 17:01:53,broken clouds
304,Pangoa,-12.1167,-73.0,91.0,40,63,5.26,PE,2021-10-08 17:04:49,broken clouds
305,Nosy Varika,-20.5833,48.5333,69.91,66,83,6.13,MG,2021-10-08 17:04:49,broken clouds
306,Flinders,-34.5833,150.8552,59.05,83,86,1.01,AU,2021-10-08 17:04:50,overcast clouds
307,Santa Fe,-31.6333,-60.7,78.26,23,33,10.31,AR,2021-10-08 17:00:15,scattered clouds
308,Korla,41.7597,86.1469,46.31,31,0,4.27,CN,2021-10-08 17:04:50,clear sky
309,Ancud,-41.8697,-73.8203,56.73,72,19,6.71,CL,2021-10-08 17:04:10,few clouds
310,Yaan,7.3833,8.5667,82.38,75,95,4.23,NG,2021-10-08 17:04:50,overcast clouds
311,Dudinka,69.4058,86.1778,30.47,92,100,3.83,RU,2021-10-08 17:04:51,overcast clouds
312,Marawi,7.9986,124.2928,66.65,95,100,2.46,PH,2021-10-08 17:04:51,heavy intensity rain
313,San Ramon De La Nueva Oran,-23.1322,-64.326,90.43,24,15,5.41,AR,2021-10-08 17:00:36,few clouds
314,Podosinovets,60.2776,47.0659,43.25,89,76,6.82,RU,2021-10-08 17:04:51,broken clouds
315,El Angel,0.6167,-77.9333,59.88,46,82,5.75,EC,2021-10-08 17:04:52,broken clouds
316,Nueva Guinea,11.6876,-84.4562,75.79,96,100,7.47,NI,2021-10-08 17:04:52,overcast clouds
317,Qasigiannguit,68.8193,-51.1922,28.65,74,12,0.83,GL,2021-10-08 17:04:52,few clouds
318,Anaconda,46.1285,-112.9423,46.96,59,100,3.56,US,2021-10-08 17:04:53,overcast clouds
319,Kungurtug,50.5994,97.5228,21.99,90,45,2.19,RU,2021-10-08 17:04:53,scattered clouds
320,Saint-Joseph,-21.3667,55.6167,70.18,79,47,12.91,RE,2021-10-08 17:04:53,light rain
321,Metu,8.3,35.5833,60.19,97,93,0.49,ET,2021-10-08 17:04:54,moderate rain
322,Codrington,-38.2667,141.9667,45.25,76,52,9.33,AU,2021-10-08 17:04:54,broken clouds
323,Henties Bay,-22.116,14.2845,57.85,82,1,10.98,NA,2021-10-08 17:04:54,clear sky
324,Bemidji,47.4736,-94.8803,68.65,85,90,8.05,US,2021-10-08 17:04:55,overcast clouds
325,Vanimo,-2.6741,141.3028,79.9,89,84,7.49,PG,2021-10-08 17:02:11,broken clouds
326,Lata,40.1629,-8.3327,83.05,49,0,5.59,PT,2021-10-08 17:04:55,clear sky
327,Kilindoni,-7.9139,39.6668,78.19,73,3,15.43,TZ,2021-10-08 17:04:55,clear sky
328,Ust-Nera,64.5667,143.2,22.96,94,97,5.57,RU,2021-10-08 17:04:56,light snow
329,Kenitra,34.261,-6.5802,72.36,67,0,8.7,MA,2021-10-08 17:04:56,clear sky
330,Santa Cruz Cabralia,-16.2781,-39.0247,79.03,78,75,6.91,BR,2021-10-08 17:04:56,broken clouds
331,Sao Filipe,14.8961,-24.4956,80.87,76,3,11.74,CV,2021-10-08 17:04:57,clear sky
332,Isiro,2.7739,27.616,70.52,92,97,2.62,CD,2021-10-08 17:04:57,light rain
333,Vestmannaeyjar,63.4427,-20.2734,50.99,93,90,18.41,IS,2021-10-08 17:04:57,mist
334,Talnakh,69.4865,88.3972,27.9,97,100,4.5,RU,2021-10-08 17:01:53,overcast clouds
335,Vieste,41.8825,16.175,64.53,84,100,17.31,IT,2021-10-08 17:04:58,overcast clouds
336,Whitley Bay,55.0397,-1.4471,68.09,76,71,4.61,GB,2021-10-08 17:04:58,broken clouds
337,Shubarshi,48.5872,57.1869,45.7,54,18,7.52,KZ,2021-10-08 17:04:58,few clouds
338,Arcachon,44.5875,-1.0519,66.25,52,0,9.22,FR,2021-10-08 17:04:59,clear sky
339,Belmonte,-15.8631,-38.8828,81.66,63,33,7.34,BR,2021-10-08 17:02:09,scattered clouds
340,Sao Bento,-6.2833,-37.75,94.26,27,79,6.8,BR,2021-10-08 17:04:59,broken clouds
341,Deputatskiy,69.3,139.9,16.68,95,99,3.4,RU,2021-10-08 17:02:18,overcast clouds
342,Kahului,20.8947,-156.47,75.85,87,87,5.99,US,2021-10-08 17:00:42,overcast clouds
343,Wagar,16.1525,36.2032,97.36,22,74,6.29,SD,2021-10-08 17:05:00,broken clouds
344,Santa Maria,-29.6842,-53.8069,68.97,60,97,10.92,BR,2021-10-08 17:05:00,overcast clouds
345,Jesup,31.6074,-81.8854,71.38,94,90,0.0,US,2021-10-08 17:05:01,moderate rain
346,Andros Town,24.7,-77.7667,84.16,65,84,11.56,BS,2021-10-08 17:00:24,broken clouds
347,Sidhpura,27.6333,78.8833,81.55,46,0,2.95,IN,2021-10-08 17:05:01,clear sky
348,La Ligua,-32.4524,-71.2311,58.78,46,79,8.5,CL,2021-10-08 17:05:02,broken clouds
349,Rondonopolis,-16.4708,-54.6356,103.28,24,42,3.62,BR,2021-10-08 17:03:04,scattered clouds
350,Timmins,48.4669,-81.3331,67.24,52,95,4.9,CA,2021-10-08 17:04:42,overcast clouds
351,Carberry,49.8689,-99.3602,52.65,57,99,9.08,CA,2021-10-08 17:05:12,overcast clouds
352,Talara,-4.5772,-81.2719,75.96,60,0,12.66,PE,2021-10-08 17:05:12,clear sky
353,Griffith,41.5284,-87.4237,75.15,77,40,3.0,US,2021-10-08 17:05:13,scattered clouds
354,Karpathos,35.507,27.2132,73.36,78,20,10.36,GR,2021-10-08 17:05:13,few clouds
355,Trincomalee,8.5711,81.2335,81.34,77,93,17.76,LK,2021-10-08 17:05:13,overcast clouds
356,Kropotkin,45.4375,40.5756,51.08,53,30,19.15,RU,2021-10-08 17:05:14,scattered clouds
357,Baker,30.5882,-91.1682,86.86,57,1,4.61,US,2021-10-08 17:05:14,clear sky
358,Oksfjord,70.2396,22.3479,41.18,85,100,6.08,NO,2021-10-08 17:05:14,overcast clouds
359,Mahibadhoo,3.7833,72.9667,83.59,78,68,15.84,MV,2021-10-08 17:03:33,broken clouds
360,Igarka,67.4667,86.5833,37.26,98,100,10.2,RU,2021-10-08 17:05:15,light rain
361,Luderitz,-26.6481,15.1594,60.8,64,0,13.96,NA,2021-10-08 17:05:15,clear sky
362,Yaremche,48.4583,24.5519,42.57,54,0,2.62,UA,2021-10-08 17:05:15,clear sky
363,Jumla,29.2747,82.1838,57.83,89,67,2.19,NP,2021-10-08 17:05:16,broken clouds
364,Nyuksenitsa,60.4128,44.2397,44.92,88,97,6.22,RU,2021-10-08 17:05:16,overcast clouds
365,Qui Nhon,13.7667,109.2333,81.48,77,100,10.89,VN,2021-10-08 17:05:16,light rain
366,Tuatapere,-46.1333,167.6833,49.82,96,100,3.2,NZ,2021-10-08 17:05:17,overcast clouds
367,Padre Bernardo,-15.35,-48.5,96.22,23,86,2.77,BR,2021-10-08 17:05:17,overcast clouds
368,Cabras,39.93,8.5314,66.97,57,35,13.27,IT,2021-10-08 17:05:17,scattered clouds
369,Chiang Kham,19.5233,100.3,75.06,90,24,2.77,TH,2021-10-08 17:05:18,few clouds
370,Sovetskoye,52.2861,85.4131,40.6,88,100,6.17,RU,2021-10-08 17:05:18,overcast clouds
371,Nouadhibou,20.931,-17.0347,77.67,60,14,16.82,MR,2021-10-08 17:05:18,few clouds
372,Baoro,5.6667,15.9667,73.4,91,87,4.38,CF,2021-10-08 17:05:19,light rain
373,Ambanja,-13.6833,48.45,74.82,86,90,1.57,MG,2021-10-08 17:05:19,light rain
374,Namibe,-15.1961,12.1522,67.26,73,68,8.25,AO,2021-10-08 17:05:19,broken clouds
375,Knysna,-34.0363,23.0471,61.41,81,67,4.5,ZA,2021-10-08 17:05:20,broken clouds
376,Kulhudhuffushi,6.6221,73.07,82.26,81,17,14.81,MV,2021-10-08 17:05:20,few clouds
377,Alta Floresta,-9.8756,-56.0861,97.77,34,68,4.14,BR,2021-10-08 17:05:21,broken clouds
378,Vila Velha,-20.3297,-40.2925,69.75,83,90,8.05,BR,2021-10-08 17:04:55,overcast clouds
379,Kavaratti,10.5669,72.642,82.24,80,61,15.01,IN,2021-10-08 17:05:21,broken clouds
380,Corinto,37.9407,22.9573,69.46,83,46,4.97,GR,2021-10-08 17:05:21,scattered clouds
381,Kurchum,48.5722,83.6542,38.44,57,33,5.17,KZ,2021-10-08 17:05:22,scattered clouds
382,Trinidad,-14.8333,-64.9,96.78,44,40,11.5,BO,2021-10-08 17:05:22,smoke
383,Kostomuksha,64.571,30.5767,45.12,95,100,4.45,RU,2021-10-08 17:05:23,overcast clouds
384,Honolulu,21.3069,-157.8583,76.96,71,20,1.99,US,2021-10-08 17:03:20,light rain
385,Boyolangu,-8.1181,111.8935,73.26,90,87,3.44,ID,2021-10-08 17:05:23,overcast clouds
386,Mazamari,-11.3258,-74.5308,89.37,50,65,3.44,PE,2021-10-08 17:05:23,broken clouds
387,Chalmette,29.9427,-89.9634,88.05,56,1,3.0,US,2021-10-08 17:05:24,clear sky
388,Dashitou,43.3067,128.5114,42.93,76,40,4.32,CN,2021-10-08 17:05:24,scattered clouds
389,Ocean City,39.2776,-74.5746,80.01,67,50,5.41,US,2021-10-08 17:05:24,scattered clouds
390,Acapulco,16.8634,-99.8901,85.68,71,94,3.36,MX,2021-10-08 17:01:17,overcast clouds
391,Castrillon,43.3979,-6.7922,70.21,74,0,4.14,ES,2021-10-08 17:05:25,clear sky
392,Athabasca,54.7169,-113.2854,45.88,38,98,7.47,CA,2021-10-08 17:05:25,overcast clouds
393,Komsomolskiy,40.4272,71.7189,59.72,58,49,4.61,UZ,2021-10-08 17:02:12,scattered clouds
394,Rafsanjan,30.4067,55.9939,70.65,27,0,9.28,IR,2021-10-08 17:05:25,clear sky
395,Mahebourg,-20.4081,57.7,69.26,76,8,10.58,MU,2021-10-08 17:05:26,light rain
396,Anadyr,64.75,177.4833,30.0,100,100,5.99,RU,2021-10-08 17:05:26,light snow
397,Garowe,8.4054,48.4845,90.59,33,53,12.48,SO,2021-10-08 17:05:26,broken clouds
398,Mbanza-Ngungu,-5.25,14.8667,74.01,84,77,2.64,CD,2021-10-08 17:05:27,moderate rain
399,Porbandar,21.6422,69.6093,84.04,77,90,6.4,IN,2021-10-08 17:05:27,overcast clouds
400,Muborak,39.2553,65.1528,55.89,17,98,7.92,UZ,2021-10-08 17:05:27,overcast clouds
401,Nantucket,41.2835,-70.0995,72.25,76,1,6.91,US,2021-10-08 17:02:46,clear sky
402,Tambopata,-12.7333,-69.1833,93.09,46,40,3.44,PE,2021-10-08 17:05:28,scattered clouds
403,Venado Tuerto,-33.7456,-61.9688,68.9,30,88,10.58,AR,2021-10-08 17:05:28,overcast clouds
404,Hamilton,39.1834,-84.5333,77.22,78,40,1.01,US,2021-10-08 17:00:43,scattered clouds
405,Antonina,-25.4286,-48.7119,75.72,74,99,3.31,BR,2021-10-08 17:05:29,overcast clouds
406,Juneau,58.3019,-134.4197,44.65,96,90,18.41,US,2021-10-08 17:05:29,moderate rain
407,Jijiga,9.35,42.8,70.34,57,18,3.13,ET,2021-10-08 17:05:30,few clouds
408,Yarada,17.65,83.2667,84.52,84,40,4.61,IN,2021-10-08 17:05:30,scattered clouds
409,Ust-Kuyga,70.0167,135.6,12.31,97,97,0.85,RU,2021-10-08 17:05:30,overcast clouds
410,Arlit,18.7369,7.3853,94.24,9,0,6.26,NE,2021-10-08 17:05:31,clear sky
411,Ocos,14.5094,-92.1933,90.32,71,100,3.76,GT,2021-10-08 17:05:31,overcast clouds
412,Killybegs,54.6333,-8.45,60.51,94,100,9.46,IE,2021-10-08 17:05:32,moderate rain
413,Kanganpur,30.7663,74.1231,82.51,34,0,7.49,PK,2021-10-08 17:05:32,clear sky
414,Mgachi,51.05,142.2667,39.56,78,7,5.99,RU,2021-10-08 17:05:32,clear sky
415,Mtwara,-10.2667,40.1833,75.96,71,11,12.46,TZ,2021-10-08 17:05:33,few clouds
416,Bajil,15.0584,43.2851,80.1,70,79,18.66,YE,2021-10-08 17:05:33,broken clouds
417,Santa Cruz,-17.8,-63.1667,96.85,36,40,19.57,BO,2021-10-08 17:05:34,scattered clouds
418,Zlobin,45.2924,14.6541,51.1,64,75,9.22,HR,2021-10-08 17:05:34,broken clouds
419,Vathi,38.4,23.6,69.3,89,98,4.68,GR,2021-10-08 17:05:35,overcast clouds
420,Rochegda,62.8,43.25,43.09,90,100,3.74,RU,2021-10-08 17:05:35,overcast clouds
421,Nyurba,63.2842,118.3319,34.23,96,100,8.7,RU,2021-10-08 17:00:42,overcast clouds
422,Two Rivers,44.1539,-87.5693,70.29,95,90,1.99,US,2021-10-08 17:05:35,overcast clouds
423,Butterworth,5.3991,100.3638,82.0,89,20,0.0,MY,2021-10-08 17:05:36,few clouds
424,Shenzhen,22.5455,114.0683,82.27,96,100,15.75,CN,2021-10-08 17:02:28,moderate rain
425,Hervey Bay,-25.2986,152.8535,65.03,87,1,6.6,AU,2021-10-08 17:02:00,clear sky
426,Trairi,-3.2778,-39.2689,86.22,61,89,14.7,BR,2021-10-08 17:04:51,overcast clouds
427,Palafrugell,41.9174,3.1631,67.46,53,1,1.99,ES,2021-10-08 17:05:36,clear sky
428,Tonantins,-2.8731,-67.8022,83.55,85,97,4.56,BR,2021-10-08 17:05:37,overcast clouds
429,Great Yarmouth,52.6083,1.7305,62.85,82,63,7.31,GB,2021-10-08 17:05:37,broken clouds
430,Vegachi,6.7614,-74.7947,75.27,80,100,2.39,CO,2021-10-08 17:05:38,overcast clouds
431,Cienfuegos,22.1461,-80.4356,91.54,58,20,5.75,CU,2021-10-08 17:05:38,few clouds
432,Xinxiang,35.3089,113.8672,58.23,83,100,1.39,CN,2021-10-08 17:05:38,light rain
433,Ust-Ishim,57.6935,71.1665,41.79,73,6,9.26,RU,2021-10-08 17:05:38,clear sky
434,Port Lincoln,-34.7333,135.8667,54.45,82,81,5.84,AU,2021-10-08 17:02:44,light rain
435,Ahuimanu,21.4447,-157.8378,78.51,71,40,16.11,US,2021-10-08 17:05:39,scattered clouds
436,Tateyama,34.9833,139.8667,75.22,84,1,7.9,JP,2021-10-08 17:05:39,clear sky
437,Mastic Beach,40.7668,-72.8521,77.58,78,1,1.99,US,2021-10-08 17:05:40,clear sky
438,Larsnes,62.2028,5.5773,59.59,94,100,5.99,NO,2021-10-08 17:05:40,overcast clouds
439,Odienne,9.51,-7.5692,78.91,85,86,6.44,CI,2021-10-08 17:05:40,light rain
440,Shingu,33.7333,135.9833,68.49,79,0,4.12,JP,2021-10-08 17:05:41,clear sky
441,Torrelavega,43.3494,-4.0479,66.06,65,1,4.0,ES,2021-10-08 17:05:41,clear sky
442,Eureka,40.8021,-124.1637,56.62,79,61,1.99,US,2021-10-08 17:01:46,broken clouds
443,Egvekinot,66.3167,-179.1667,22.64,85,100,14.18,RU,2021-10-08 17:05:42,overcast clouds
444,Kirra,38.4333,22.45,69.78,80,39,2.75,GR,2021-10-08 17:05:42,scattered clouds
445,Nhulunbuy,-12.2333,136.7667,75.81,88,94,1.14,AU,2021-10-08 17:05:42,overcast clouds
446,Gilgit,35.9221,74.3087,72.5,32,74,0.67,PK,2021-10-08 17:05:43,broken clouds
447,Muisne,0.6,-80.0333,77.79,73,95,11.32,EC,2021-10-08 17:05:43,overcast clouds
448,Fort Abbas,29.1925,72.8536,92.41,21,0,9.04,PK,2021-10-08 17:05:44,clear sky
449,Bera,24.0833,89.6167,86.14,69,88,1.25,BD,2021-10-08 17:05:44,overcast clouds
450,Zdice,49.9121,13.9775,56.08,72,1,5.64,CZ,2021-10-08 17:05:44,clear sky
451,Manaus,-3.1019,-60.025,82.9,78,75,5.75,BR,2021-10-08 17:00:58,broken clouds
452,Pisco,-13.7,-76.2167,68.05,73,0,8.05,PE,2021-10-08 17:05:45,clear sky
453,George Town,5.4112,100.3354,81.9,89,20,0.0,MY,2021-10-08 17:05:45,few clouds
454,Bay Saint Louis,30.3088,-89.33,86.07,55,40,10.36,US,2021-10-08 17:01:56,scattered clouds
455,Los Llanos De Aridane,28.6585,-17.9182,72.12,80,40,13.8,ES,2021-10-08 17:00:54,volcanic ash
456,Yebaishou,41.3975,119.6408,51.04,74,100,4.41,CN,2021-10-08 17:05:46,overcast clouds
457,Dabakala,8.3667,-4.4333,83.73,70,100,4.83,CI,2021-10-08 17:05:46,overcast clouds
458,Rafai,4.95,23.9167,76.08,81,15,0.87,CF,2021-10-08 17:05:47,few clouds
459,Necochea,-38.5473,-58.7368,60.91,47,0,5.01,AR,2021-10-08 17:05:47,clear sky
460,Sangin,32.0728,64.8359,77.29,17,0,2.93,AF,2021-10-08 17:05:47,clear sky
461,Narsaq,60.9167,-46.05,48.42,40,73,3.0,GL,2021-10-08 17:05:48,broken clouds
462,Gat,31.61,34.7642,77.81,61,0,10.09,IL,2021-10-08 17:05:48,clear sky
463,Oyama,36.3,139.8,78.58,86,12,5.84,JP,2021-10-08 17:05:48,few clouds
464,Kiruna,67.8557,20.2251,32.92,100,90,2.3,SE,2021-10-08 17:05:49,mist
465,Galesong,-5.3166,119.3661,78.82,72,59,10.71,ID,2021-10-08 17:05:49,broken clouds
466,Kamenka,51.3223,42.7678,42.91,51,0,5.37,RU,2021-10-08 17:05:49,clear sky
467,Kolokani,13.5728,-8.0339,97.11,28,55,2.71,ML,2021-10-08 17:05:50,broken clouds
468,Pueblo Nuevo,23.3833,-105.3833,73.87,31,0,4.12,MX,2021-10-08 17:05:51,clear sky
469,Roma,43.2128,-75.4557,75.67,70,1,5.75,US,2021-10-08 17:03:48,clear sky
470,Hovd,48.0056,91.6419,31.53,45,36,2.08,MN,2021-10-08 17:05:52,scattered clouds
471,Buin,-33.7333,-70.75,57.74,50,95,2.75,CL,2021-10-08 17:05:52,overcast clouds
472,Kirkland Lake,48.1446,-80.0377,68.16,54,19,5.41,CA,2021-10-08 17:05:53,few clouds
473,Impfondo,1.6381,18.0667,77.59,85,100,2.93,CG,2021-10-08 17:02:19,light rain
474,Geraldton,-28.7667,114.6,52.21,76,0,10.36,AU,2021-10-08 17:05:53,clear sky
475,Aloleng,16.1307,119.7824,78.51,88,100,10.74,PH,2021-10-08 17:05:53,overcast clouds
476,Palana,59.1167,159.9667,30.87,72,87,10.33,RU,2021-10-08 17:05:54,overcast clouds
477,Lompoc,34.6391,-120.4579,65.57,74,75,10.36,US,2021-10-08 17:01:49,broken clouds
478,Yulara,-25.2406,130.9889,73.24,28,82,6.91,AU,2021-10-08 17:05:54,broken clouds
479,Zhigansk,66.7697,123.3711,23.9,81,100,19.35,RU,2021-10-08 17:05:55,overcast clouds
480,Namuac,18.6109,121.1657,79.81,84,100,2.04,PH,2021-10-08 17:05:55,overcast clouds
481,Guane,22.2025,-84.0875,87.21,66,79,8.9,CU,2021-10-08 17:05:55,broken clouds
482,Ouadda,8.0777,22.4007,75.43,72,45,1.5,CF,2021-10-08 17:05:56,scattered clouds
483,San Joaquin,37.9333,-121.3011,61.54,60,1,16.11,US,2021-10-08 17:05:56,clear sky
484,Diego De Almagro,-26.3667,-70.05,71.82,22,0,10.29,CL,2021-10-08 17:01:47,clear sky
485,Northam,51.0333,-4.2167,64.65,84,59,8.37,GB,2021-10-08 17:05:56,broken clouds
486,Ostrovnoy,68.0531,39.5131,37.83,89,100,14.7,RU,2021-10-08 17:01:02,light rain
487,Guadalupe Y Calvo,26.1,-106.9667,72.01,29,0,3.4,MX,2021-10-08 17:05:57,clear sky
488,Ternate,0.8,127.4,81.61,82,98,7.0,ID,2021-10-08 17:05:57,overcast clouds
489,Te Anau,-45.4167,167.7167,45.0,95,100,1.52,NZ,2021-10-08 17:05:57,overcast clouds
490,Coahuayana,18.7333,-103.6833,90.88,63,93,2.44,MX,2021-10-08 17:05:58,overcast clouds
491,Sistranda,63.7256,8.834,53.91,94,100,8.5,NO,2021-10-08 17:05:58,overcast clouds
492,Nishihara,26.1842,127.7558,79.88,70,20,6.91,JP,2021-10-08 17:05:58,few clouds
493,Svobodnyy,51.4,128.1333,42.73,72,100,6.24,RU,2021-10-08 17:05:59,overcast clouds
494,Abilene,32.4487,-99.7331,87.49,44,1,1.01,US,2021-10-08 17:05:59,clear sky
495,Luang Prabang,19.8856,102.1347,78.46,68,89,0.92,LA,2021-10-08 17:05:59,overcast clouds
496,San Carlos De Bariloche,-41.1456,-71.3082,65.95,16,0,23.02,AR,2021-10-08 17:05:59,clear sky
497,Sept-Iles,50.2001,-66.3821,51.06,58,13,5.99,CA,2021-10-08 17:06:00,few clouds
498,Salihorsk,52.7876,27.5415,41.68,66,0,7.47,BY,2021-10-08 17:06:00,clear sky
499,Sycow,51.3081,17.7198,52.14,45,0,8.28,PL,2021-10-08 17:06:01,clear sky
500,La Ronge,55.1001,-105.2842,50.74,40,2,8.41,CA,2021-10-08 17:06:01,clear sky
501,Shizunai,42.3339,142.3669,53.96,73,39,9.22,JP,2021-10-08 17:06:02,scattered clouds
502,Savinka,50.0785,47.0994,44.13,44,41,5.41,RU,2021-10-08 17:06:02,scattered clouds
503,Puerto Ayacucho,5.6639,-67.6236,86.04,65,98,4.79,VE,2021-10-08 17:06:03,overcast clouds
504,Srandakan,-7.9386,110.2506,59.74,85,78,4.32,ID,2021-10-08 17:06:03,broken clouds
505,Sabang,5.8933,95.3214,82.69,80,100,22.66,ID,2021-10-08 17:06:04,overcast clouds
506,Kieta,-6.2167,155.6333,79.29,87,100,8.52,PG,2021-10-08 17:06:04,moderate rain
507,Goundam,16.4145,-3.6708,103.5,8,50,10.49,ML,2021-10-08 17:06:04,scattered clouds
508,Port Moresby,-9.4431,147.1797,75.97,92,98,3.53,PG,2021-10-08 17:06:05,overcast clouds
509,Dunedin,-45.8742,170.5036,52.81,75,94,11.01,NZ,2021-10-08 17:06:05,overcast clouds
510,Bafoussam,5.4737,10.4179,65.14,92,85,1.86,CM,2021-10-08 17:06:05,light rain
511,Assiniboia,49.6334,-105.9845,56.86,45,47,8.72,CA,2021-10-08 17:06:06,scattered clouds
512,Cap Malheureux,-19.9842,57.6142,69.48,74,46,5.01,MU,2021-10-08 17:06:06,scattered clouds
513,Bilma,18.6853,12.9164,88.83,14,16,3.89,NE,2021-10-08 17:06:06,few clouds
514,Kobelyaky,49.1489,34.1965,46.87,34,99,10.07,UA,2021-10-08 17:06:07,overcast clouds
515,Wum,6.3833,10.0667,69.76,90,88,2.66,CM,2021-10-08 17:06:08,light rain
516,Yenagoa,4.9247,6.2642,79.95,86,84,6.29,NG,2021-10-08 17:06:08,light rain
517,Klaksvik,62.2266,-6.589,52.72,95,22,17.38,FO,2021-10-08 17:06:09,few clouds
518,Kamina,-8.7386,24.9906,77.85,31,45,3.58,CD,2021-10-08 17:06:09,scattered clouds
519,Toora-Khem,52.4675,96.11,26.56,90,91,1.97,RU,2021-10-08 17:06:09,overcast clouds
520,Sorland,67.667,12.6934,49.86,96,100,17.05,NO,2021-10-08 17:06:10,overcast clouds
521,Hobyo,5.3505,48.5268,78.35,82,53,23.73,SO,2021-10-08 17:06:10,broken clouds
522,Dharchula,29.85,80.5333,66.43,88,32,2.46,IN,2021-10-08 17:06:10,scattered clouds
523,Beian,63.6559,9.5683,58.55,94,75,10.36,NO,2021-10-08 17:03:04,light intensity drizzle
524,Tarauaca,-8.1614,-70.7656,98.83,34,87,2.26,BR,2021-10-08 17:06:11,overcast clouds
525,Ixtapa,20.7,-105.2,88.83,66,20,4.61,MX,2021-10-08 17:06:11,few clouds
526,Khabary,53.6259,79.5345,40.78,85,16,9.33,RU,2021-10-08 17:06:11,few clouds
527,Iquitos,-3.7481,-73.2472,93.24,55,75,3.44,PE,2021-10-08 17:06:12,broken clouds
528,Puerto Escondido,15.85,-97.0667,85.23,64,100,1.95,MX,2021-10-08 17:06:12,overcast clouds
529,Port Hedland,-20.3167,118.5667,69.85,88,0,9.22,AU,2021-10-08 17:06:12,clear sky
530,Comodoro Rivadavia,-45.8667,-67.5,73.26,17,0,20.71,AR,2021-10-08 17:06:13,clear sky
531,Boden,65.8252,21.6886,46.4,98,100,3.47,SE,2021-10-08 17:06:13,overcast clouds
532,Lexington Park,38.2668,-76.4538,79.27,64,20,1.01,US,2021-10-08 17:05:57,few clouds
533,Mogadishu,2.0371,45.3438,78.8,81,16,17.72,SO,2021-10-08 17:06:14,few clouds
